{
    "uvs":[],
    "vertices":[-7.20208,3.81734,10.8643,7.20208,3.81734,10.8643,-7.20208,3.81734,-10.8643,7.20208,3.81734,-10.8643,-7.20208,3.81734,3.62143,7.20208,3.81734,3.62143,7.20208,3.81734,-3.62143,7.20208,4.21428,3.62143,7.20208,4.21428,-3.62143,-7.20208,4.21428,-3.62143,-7.20208,4.21428,3.62143,-7.20208,4.21427,-10.8643,-7.20208,4.21428,10.8643,7.20208,4.21428,10.8643,7.20208,4.21427,-10.8643,-7.20208,3.81734,-3.62143,0,5.58377,3.62143,0,5.58377,-3.62143,0,3.81734,3.62143,0,3.81734,-3.62143,0,4.21427,-10.8643,0,4.21428,10.8643,0,3.81734,10.8643,0,3.81734,-10.8643,-5.05564,5.58377,3.62143,-5.05564,5.58377,-3.62143,-5.05564,4.21428,10.8643,-5.05564,3.81734,10.8643,-5.05564,3.81734,3.62143,-5.05564,3.81734,-3.62143,-5.05564,4.21427,-10.8643,-5.05564,3.81734,-10.8643,4.64826,3.81734,3.62143,4.64826,3.81734,-3.62143,4.64826,4.21427,-10.8643,4.64826,3.81734,-10.8643,4.64826,5.58377,3.62143,4.64826,5.58377,-3.62143,4.64826,4.21428,10.8643,4.64826,3.81734,10.8643],
    "normals":[0.302699,0.089706,0.948855,0,-0,-1,0,-0,-1,0,-1,0,0,1,-0,-1,0,0,1,0,-0,0.302699,-0.089706,0.948855,0,-0,-1,0.537875,0,0.843024,1,0,-0,-1,0,0,0,0,1,0,-0,-1,0,-0.18579,0.98259,0,-1,0,0,-0,-1,0,-0,-1,0,0.18579,0.98259,0,-0,-1,0,-0,-1,0,0.18579,0.982589,-0.257906,0.090937,0.961881,-0.257906,-0.090937,0.961881,-0.472591,0,0.881282,0,1,-0],
    "materials":[{
        "DbgColor":15658734,
        "colorEmissive":[0,0,0],
        "wireframe":false,
        "shading":"phong",
        "opacity":1,
        "depthTest":true,
        "colorDiffuse":[0.103325,0.106291,0.100408],
        "visible":true,
        "DbgIndex":0,
        "specularCoef":50,
        "depthWrite":true,
        "transparent":false,
        "DbgName":"Material",
        "blending":"NormalBlending",
        "colorSpecular":[0.5,0.5,0.5]
    }],
    "faces":[35,30,25,9,11,0,0,0,0,0,35,29,15,4,28,0,1,1,1,1,35,31,2,15,29,0,2,2,2,2,35,27,0,12,26,0,3,3,3,3,35,35,3,14,34,0,4,4,4,4,35,5,1,13,7,0,5,5,5,5,35,15,2,11,9,0,6,6,6,6,35,24,26,12,10,0,7,7,7,7,35,0,27,28,4,0,8,8,8,8,35,25,24,10,9,0,9,9,9,9,35,0,4,10,12,0,10,10,10,10,35,4,15,9,10,0,6,6,6,6,35,3,6,8,14,0,11,11,11,11,35,6,5,7,8,0,11,11,11,11,35,37,36,16,17,0,12,12,12,12,35,32,18,22,39,0,13,13,13,13,35,36,38,21,16,0,14,14,14,14,35,31,23,20,30,0,4,4,4,4,35,39,22,21,38,0,15,15,15,15,35,35,23,19,33,0,16,16,16,16,35,33,19,18,32,0,17,17,17,17,35,34,37,17,20,0,18,18,18,18,35,2,31,30,11,0,4,4,4,4,35,17,16,24,25,0,12,12,12,12,35,18,28,27,22,0,13,13,13,13,35,16,21,26,24,0,14,14,14,14,35,22,27,26,21,0,3,3,3,3,35,23,31,29,19,0,19,19,19,19,35,19,29,28,18,0,20,20,20,20,35,20,17,25,30,0,21,21,21,21,35,14,8,37,34,0,22,22,22,22,35,6,33,32,5,0,17,17,17,17,35,3,35,33,6,0,16,16,16,16,35,1,39,38,13,0,3,3,3,3,35,7,13,38,36,0,23,23,23,23,35,5,32,39,1,0,13,13,13,13,35,8,7,36,37,0,24,24,24,24,35,23,35,34,20,0,25,25,25,25],
    "name":"Plane.001Geometry",
    "metadata":{
        "generator":"io_three",
        "materials":1,
        "type":"Geometry",
        "uvs":0,
        "vertices":40,
        "normals":26,
        "faces":38,
        "version":3
    }
}