{
    "uvs":[],
    "vertices":[-6.95352,0,10.4727,6.95352,0,10.4727,-6.95352,-0,-10.4727,6.95352,-0,-10.4727,-6.25759,0.3688,-9.77675,-6.25759,0.368801,9.77675,6.25759,0.368801,9.77675,6.25759,0.3688,-9.77675,-6.95352,0.3688,-10.4727,-6.95352,0.368801,10.4727,6.95352,0.368801,10.4727,6.95352,0.3688,-10.4727,-5.99625,0.662179,-9.51541,-5.99625,0.66218,9.51541,5.99625,0.66218,9.51541,5.99625,0.662179,-9.51541,-6.25759,0.662179,-9.77675,-6.25759,0.66218,9.77675,6.25759,0.66218,9.77675,6.25759,0.662179,-9.77675,-5.99625,0.393271,-9.51541,-5.99625,0.393272,9.51541,5.99625,0.393272,9.51541,5.99625,0.393271,-9.51541,6.95352,3.82143,10.4727,6.95352,3.82143,-10.4727,6.25759,3.82143,9.77675,6.25759,3.82143,-9.77675,-6.22232,0.368801,10.4727,-6.95352,0.368801,9.74291,-6.95352,0.3688,-9.79766,-6.26232,0.3688,-10.4727,-6.95352,3.84324,9.74291,-6.95352,3.84324,10.4727,-6.26232,3.84324,-10.4727,-6.95352,3.84324,-10.4727,-6.25759,3.84324,9.77675,-6.25759,3.84324,-9.77675,-6.22232,3.84324,10.4727,-6.95352,3.84324,-9.79766],
    "normals":[0,-0,-1,0,0,-1,0,-0,-1,0,0,1,1,0,-0,0,-1,-0,-0,-1,0,-0,-1,-0,0,1,0,-0,1,-0,-1,-0,-0,-1,0,-0,0,-1,0,0,-0,-1,-1,0,0,0,1,-0,0,-0,-1,0,-0,-1,0,-0,-1,1,0,0,-0.707107,0.707107,-0,-0.707107,-0.707107,-0,0,-0,-1,0.998718,-0.050616,-0,0.999977,-0.006787,-0,-0.03003,0.999549,-0,0.048559,-0.99882,-0],
    "materials":[{
        "DbgColor":15658734,
        "colorEmissive":[0,0,0],
        "wireframe":false,
        "shading":"phong",
        "opacity":1,
        "depthTest":true,
        "colorDiffuse":[0.422174,0.372111,0.383493],
        "visible":true,
        "DbgIndex":0,
        "specularCoef":50,
        "depthWrite":true,
        "transparent":false,
        "DbgName":"Material",
        "blending":"NormalBlending",
        "colorSpecular":[0.5,0.5,0.5]
    }],
    "faces":[35,33,38,36,32,0,0,0,0,0,35,35,39,37,34,0,1,1,1,1,35,27,26,24,25,0,2,2,2,2,35,0,2,3,1,0,3,3,3,3,35,6,7,19,18,0,4,4,4,4,34,11,3,2,0,5,5,5,34,2,8,31,0,6,6,6,34,2,31,11,0,7,7,7,34,9,0,1,0,8,8,8,34,1,10,28,0,9,9,9,34,1,28,9,0,9,9,9,35,1,3,11,10,0,4,4,4,4,34,8,2,0,0,10,10,10,34,0,9,29,0,11,11,11,34,29,30,8,0,11,11,11,34,0,29,8,0,11,11,11,35,31,8,35,34,0,12,12,12,12,35,6,5,28,10,0,13,13,13,13,35,10,11,25,24,0,4,4,4,4,35,4,7,11,31,0,13,13,13,13,35,14,15,23,22,0,11,11,11,11,35,4,5,17,16,0,14,14,14,14,35,7,4,16,19,0,12,12,12,12,35,5,6,18,17,0,15,15,15,15,35,13,12,16,17,0,16,16,16,16,35,14,13,17,18,0,1,1,1,1,35,15,14,18,19,0,16,16,16,16,35,12,15,19,16,0,17,17,17,17,35,21,22,23,20,0,18,18,18,18,35,12,13,21,20,0,19,19,19,19,35,15,12,20,23,0,8,8,8,8,35,13,14,22,21,0,5,5,5,5,35,6,10,24,26,0,20,20,20,20,35,11,7,27,25,0,21,21,21,21,35,29,5,4,30,0,22,22,22,22,35,28,5,36,38,0,23,23,23,23,35,29,9,33,32,0,14,14,14,14,35,4,31,34,37,0,24,24,24,24,35,30,4,37,39,0,25,25,25,25,35,8,30,39,35,0,14,14,14,14,35,5,29,32,36,0,26,26,26,26,35,9,28,38,33,0,15,15,15,15],
    "name":"PlaneGeometry.3",
    "metadata":{
        "generator":"io_three",
        "materials":1,
        "type":"Geometry",
        "uvs":0,
        "vertices":40,
        "normals":27,
        "faces":42,
        "version":3
    }
}