{
    "vertices":[6.95352,5.89248,10.4727,6.95352,5.89248,-10.4727,-6.95352,5.91429,10.4727,-6.95352,5.91429,-10.4727,5.44111,6.40505,8.95946,5.44111,6.40505,-8.95946,-5.43951,6.42211,8.95946,-5.43951,6.42211,-8.95946,6.95432,6.40268,10.4727,6.95432,6.40267,-10.4727,-6.95272,6.42448,10.4727,-6.95272,6.42448,-10.4727,5.44258,7.33986,8.95946,5.44258,7.33985,-8.95946,-5.43805,7.35692,8.95946,-5.43805,7.35691,-8.95946],
    "metadata":{
        "generator":"io_three",
        "uvs":0,
        "faces":14,
        "normals":12,
        "type":"Geometry",
        "materials":1,
        "vertices":16,
        "version":3
    },
    "uvs":[],
    "faces":[35,0,2,3,1,0,0,0,0,0,35,5,7,15,13,0,1,1,1,1,35,2,0,8,10,0,2,2,2,2,35,3,2,10,11,0,3,3,3,3,35,1,3,11,9,0,4,4,4,4,35,0,1,9,8,0,5,5,5,5,35,5,4,8,9,0,6,6,6,6,35,6,7,11,10,0,6,6,6,6,35,7,5,9,11,0,7,7,7,7,35,4,6,10,8,0,7,7,7,7,35,15,14,12,13,0,8,8,8,8,35,4,5,13,12,0,9,9,9,9,35,6,4,12,14,0,10,10,10,10,35,7,6,14,15,0,11,11,11,11],
    "name":"Plane.001Geometry",
    "normals":[-0.001568,0,0.999999,0,-1,0,0,1,-0,-0.999999,-0,-0.001568,0,-1,0,0.999999,0,0.001568,0.001568,-0,-0.999999,0.001568,0,-0.999999,0.001568,-0,-0.999999,0.999999,0,0.001568,0,1,-0,-0.999999,-0,-0.001568],
    "materials":[{
        "transparent":false,
        "depthTest":true,
        "colorEmissive":[0,0,0],
        "DbgIndex":0,
        "shading":"phong",
        "specularCoef":496,
        "depthWrite":true,
        "wireframe":false,
        "DbgColor":15658734,
        "opacity":1,
        "visible":true,
        "colorSpecular":[0.5,0.427496,0.427496],
        "blending":"NormalBlending",
        "DbgName":"Material",
        "colorDiffuse":[0.282345,0.248864,0.256476]
    }]
}