{
    "uvs":[],
    "vertices":[-7.20208,3.81734,10.8643,7.20208,3.81734,10.8643,-7.20208,3.81734,-10.8643,7.20208,3.81734,-10.8643,-7.20208,3.81734,3.62143,7.20208,3.81734,3.62143,7.20208,3.81734,-3.62143,7.20208,4.21428,3.62143,7.20208,4.21428,-3.62143,-7.20208,4.21428,-3.62143,-7.20208,4.21428,3.62143,-7.20208,4.21427,-10.8643,-7.20208,4.21428,10.8643,7.20208,4.21428,10.8643,7.20208,4.21427,-10.8643,-7.20208,3.81734,-3.62143,0,5.58377,3.62143,0,5.58377,-3.62143,0,3.81734,3.62143,0,3.81734,-3.62143,0,4.21427,-10.8643,0,4.21428,10.8643,0,3.81734,10.8643,0,3.81734,-10.8643,-5.05564,5.58377,3.62143,-5.05564,5.58377,-3.62143,-5.05564,4.21428,10.8643,-5.05564,3.81734,10.8643,-5.05564,3.81734,3.62143,-5.05564,3.81734,-3.62143,-5.05564,4.21427,-10.8643,-5.05564,3.81734,-10.8643,4.64826,3.81734,3.62143,4.64826,3.81734,-3.62143,4.64826,4.21427,-10.8643,4.64826,3.81734,-10.8643,4.64826,5.58377,3.62143,4.64826,5.58377,-3.62143,4.64826,4.21428,10.8643,4.64826,3.81734,10.8643,-6.95352,0,10.4727,6.95352,0,10.4727,-6.95352,-0,-10.4727,6.95352,-0,-10.4727,-6.25759,0.3688,-9.77675,-6.25759,0.368801,9.77675,6.25759,0.368801,9.77675,6.25759,0.3688,-9.77675,-6.95352,0.3688,-10.4727,-6.95352,0.368801,10.4727,6.95352,0.368801,10.4727,6.95352,0.3688,-10.4727,-5.99625,0.662179,-9.51541,-5.99625,0.66218,9.51541,5.99625,0.66218,9.51541,5.99625,0.662179,-9.51541,-6.25759,0.662179,-9.77675,-6.25759,0.66218,9.77675,6.25759,0.66218,9.77675,6.25759,0.662179,-9.77675,-5.99625,0.393271,-9.51541,-5.99625,0.393272,9.51541,5.99625,0.393272,9.51541,5.99625,0.393271,-9.51541,6.95352,3.82143,10.4727,6.95352,3.82143,-10.4727,6.25759,3.82143,9.77675,6.25759,3.82143,-9.77675,-6.22232,0.368801,10.4727,-6.95352,0.368801,9.74291,-6.95352,0.3688,-9.79766,-6.26232,0.3688,-10.4727,-6.95352,3.84324,9.74291,-6.95352,3.84324,10.4727,-6.26232,3.84324,-10.4727,-6.95352,3.84324,-10.4727,-6.25759,3.84324,9.77675,-6.25759,3.84324,-9.77675,-6.22232,3.84324,10.4727,-6.95352,3.84324,-9.79766],
    "normals":[0.302699,0.089706,0.948855,0,-0,-1,0,-0,-1,0,-1,0,0,1,-0,-1,0,0,1,0,-0,0.302699,-0.089706,0.948855,0,-0,-1,0.537875,0,0.843024,1,0,-0,-1,0,0,0,0,1,0,-0,-1,0,-0.18579,0.98259,0,-1,0,0,-0,-1,0,-0,-1,0,0.18579,0.98259,0,-0,-1,0,-0,-1,0,0.18579,0.982589,-0.257906,0.090937,0.961881,-0.257906,-0.090937,0.961881,-0.472591,0,0.881282,0,1,-0,0,0,1,0,-1,-0,-0,-1,0,-0,-1,-0,0,1,0,-0,1,-0,-1,-0,-0,-1,0,-0,0,-0,-1,0,-0,-1,0,0,-1,0,-0,-1,0,-0,-1,1,0,0,0,-0,-1,-0.707107,0.707107,-0,-0.707107,-0.707107,-0,0,-0,-1,0.998718,-0.050616,-0,0.999977,-0.006787,-0,-0,0,-1,0,-0,-1,-0.03003,0.999549,-0,0.048559,-0.99882,-0],
    "materials":[{
        "DbgColor":15658734,
        "colorEmissive":[0,0,0],
        "wireframe":false,
        "shading":"phong",
        "opacity":1,
        "depthTest":true,
        "colorDiffuse":[0.218305,0.224806,0.211914],
        "visible":true,
        "DbgIndex":0,
        "specularCoef":50,
        "depthWrite":true,
        "transparent":false,
        "DbgName":"Material",
        "blending":"NormalBlending",
        "colorSpecular":[0.5,0.5,0.5]
    }],
    "faces":[35,30,25,9,11,0,0,0,0,0,35,29,15,4,28,0,1,1,1,1,35,31,2,15,29,0,2,2,2,2,35,27,0,12,26,0,3,3,3,3,35,35,3,14,34,0,4,4,4,4,35,5,1,13,7,0,5,5,5,5,35,15,2,11,9,0,6,6,6,6,35,24,26,12,10,0,7,7,7,7,35,0,27,28,4,0,8,8,8,8,35,25,24,10,9,0,9,9,9,9,35,0,4,10,12,0,10,10,10,10,35,4,15,9,10,0,6,6,6,6,35,3,6,8,14,0,11,11,11,11,35,6,5,7,8,0,11,11,11,11,35,37,36,16,17,0,12,12,12,12,35,32,18,22,39,0,13,13,13,13,35,36,38,21,16,0,14,14,14,14,35,31,23,20,30,0,4,4,4,4,35,39,22,21,38,0,15,15,15,15,35,35,23,19,33,0,16,16,16,16,35,33,19,18,32,0,17,17,17,17,35,34,37,17,20,0,18,18,18,18,35,2,31,30,11,0,4,4,4,4,35,17,16,24,25,0,12,12,12,12,35,18,28,27,22,0,13,13,13,13,35,16,21,26,24,0,14,14,14,14,35,22,27,26,21,0,3,3,3,3,35,23,31,29,19,0,19,19,19,19,35,19,29,28,18,0,20,20,20,20,35,20,17,25,30,0,21,21,21,21,35,14,8,37,34,0,22,22,22,22,35,6,33,32,5,0,17,17,17,17,35,3,35,33,6,0,16,16,16,16,35,1,39,38,13,0,3,3,3,3,35,7,13,38,36,0,23,23,23,23,35,5,32,39,1,0,13,13,13,13,35,8,7,36,37,0,24,24,24,24,35,23,35,34,20,0,25,25,25,25,35,40,42,43,41,0,26,26,26,26,35,46,47,59,58,0,6,6,6,6,34,51,43,42,0,27,27,27,34,42,48,71,0,28,28,28,34,42,71,51,0,29,29,29,34,49,40,41,0,30,30,30,34,41,50,68,0,31,31,31,34,41,68,49,0,31,31,31,35,41,43,51,50,0,6,6,6,6,34,48,42,40,0,32,32,32,34,40,49,69,0,33,33,33,34,69,70,48,0,33,33,33,34,40,69,48,0,33,33,33,35,71,48,75,74,0,3,3,3,3,35,46,45,68,50,0,34,34,34,34,35,50,51,65,64,0,6,6,6,6,35,44,47,51,71,0,34,34,34,34,35,54,55,63,62,0,33,33,33,33,35,44,45,57,56,0,11,11,11,11,35,47,44,56,59,0,3,3,3,3,35,45,46,58,57,0,4,4,4,4,35,53,52,56,57,0,35,35,35,35,35,54,53,57,58,0,36,36,36,36,35,55,54,58,59,0,35,35,35,35,35,52,55,59,56,0,37,37,37,37,35,61,62,63,60,0,38,38,38,38,35,52,53,61,60,0,39,39,39,39,35,55,52,60,63,0,30,30,30,30,35,53,54,62,61,0,27,27,27,27,35,67,66,64,65,0,40,40,40,40,35,46,50,64,66,0,41,41,41,41,35,51,47,67,65,0,42,42,42,42,35,69,45,44,70,0,43,43,43,43,35,68,45,76,78,0,44,44,44,44,35,69,49,73,72,0,11,11,11,11,35,44,71,74,77,0,45,45,45,45,34,76,72,73,0,46,46,46,34,78,76,73,0,46,46,46,34,79,77,75,0,47,47,47,34,74,75,77,0,46,46,46,35,70,44,77,79,0,48,48,48,48,35,48,70,79,75,0,11,11,11,11,35,45,69,72,76,0,49,49,49,49,35,49,68,78,73,0,4,4,4,4],
    "name":"PlaneGeometry",
    "metadata":{
        "generator":"io_three",
        "materials":1,
        "type":"Geometry",
        "uvs":0,
        "vertices":80,
        "normals":50,
        "faces":82,
        "version":3
    }
}